treatment_name,target_cluster,treated_cluster,off_kl_divergence,on_kl_divergence,combined_score
DMSO-failing,3,9,0.008007405762068183,0.002407158275527592,0.0052072820187978874
DMSO-failing,3,0,0.0036916701400158975,0.004033542121652353,0.0038626061308341254
DMSO-failing,3,7,0.0159034330883068,0.010059067106203527,0.012981250097255164
DMSO-failing,3,5,0.004956568177369174,0.003687219069986858,0.004321893623678016
DMSO-failing,3,4,0.03527777101868239,0.015931518134123128,0.025604644576402758
DMSO-failing,3,2,0.015997919754849543,0.012371360692104642,0.014184640223477093
DMSO-failing,3,1,0.039487392454587204,0.02231044008256845,0.030898916268577825
DMSO-failing,3,6,0.030346376912001722,0.016622435738827115,0.023484406325414417
DMSO-failing,3,8,0.005097877136036004,0.0028804161565548934,0.003989146646295448
DMSO-failing,3,3,0.0028726960201198278,0.001789877150038321,0.0023312865850790743
DMSO-failing,0,9,0.007978579008230333,0.001990354076939442,0.0049844665425848875
DMSO-failing,0,0,0.002098036624985678,0.0008053000627078139,0.001451668343846746
DMSO-failing,0,7,0.009535444780306854,0.0062055487503785926,0.007870496765342724
DMSO-failing,0,5,0.010687753533952233,0.003944536782453845,0.007316145158203039
DMSO-failing,0,4,0.011192385917734245,0.0020406895017935286,0.006616537709763887
DMSO-failing,0,2,0.01125628020615426,0.00526571826688851,0.008260999236521386
DMSO-failing,0,1,0.012321491950744147,0.004097587892657723,0.008209539921700934
DMSO-failing,0,6,0.007312377299366462,0.0023509837730704805,0.004831680536218471
DMSO-failing,0,8,0.010179306414375248,0.002476544860334747,0.006327925637354998
DMSO-failing,0,3,0.0028941199247455203,0.0008374123296168085,0.0018657661271811645
DMSO-failing,2,9,0.00760837381033554,0.0020906470187884154,0.004849510414561978
DMSO-failing,2,0,0.0049619227965552746,0.002906264668894427,0.003934093732724851
DMSO-failing,2,7,0.016678227718975914,0.007381834361060513,0.012030031040018214
DMSO-failing,2,5,0.017408335957371762,0.0075510725546261235,0.012479704255998942
DMSO-failing,2,4,0.020265100896763907,0.004382151574228315,0.012323626235496111
DMSO-failing,2,2,0.015555617600277134,0.0067313611678049,0.011143489384041017
DMSO-failing,2,1,0.02135817266450142,0.008820632802078406,0.015089402733289913
DMSO-failing,2,6,0.04383084230863535,0.01768807463958936,0.030759458474112353
DMSO-failing,2,8,0.010029447433725167,0.0034221975280422944,0.006725822480883731
DMSO-failing,2,3,0.0025269814026431543,0.0009332121966192028,0.0017300967996311785
DMSO-failing,1,9,0.006782218669136253,0.0020217405617130218,0.004401979615424637
DMSO-failing,1,0,0.004669935149192754,0.003837028395767353,0.004253481772480054
DMSO-failing,1,7,0.016567152958163696,0.010659606262241248,0.013613379610202472
DMSO-failing,1,5,0.014978814970272784,0.010710926986375977,0.012844870978324381
DMSO-failing,1,4,0.011733279734242565,0.004608905055992838,0.008171092395117702
DMSO-failing,1,2,0.006196388075471755,0.005982252906913703,0.006089320491192729
DMSO-failing,1,1,0.011475881370834466,0.0031651274783946613,0.007320504424614563
DMSO-failing,1,6,0.020869330887530773,0.013506668063325351,0.01718799947542806
DMSO-failing,1,8,0.01218865202522994,0.00675184474889229,0.009470248387061115
DMSO-failing,1,3,0.0020300374420167493,0.0012159415372324904,0.00162298948962462
UCD-0000450,3,0,0.007600160036910077,0.00933983355387437,0.008469996795392225
UCD-0000450,0,0,0.007079664649047538,0.00500655792042169,0.006043111284734615
UCD-0000450,2,0,0.010724404324581951,0.009164344547005305,0.00994437443579363
UCD-0000450,1,0,0.010350435054648957,0.010042744827941947,0.010196589941295452
UCD-0001016,3,0,0.009152242789724832,0.007711305739568609,0.00843177426464672
UCD-0001016,0,0,0.0109926230057271,0.0046937743054144,0.00784319865557075
UCD-0001016,2,0,0.007130418693537418,0.0020666957918676586,0.004598557242702538
UCD-0001016,1,0,0.0027768445837144857,0.0013020966747663196,0.0020394706292404027
UCD-0001040,3,0,0.03416297269840034,0.02243668281150976,0.02829982775495505
UCD-0001040,3,2,0.003884905269005131,0.003961631840130489,0.00392326855456781
UCD-0001040,3,1,0.03643972432323765,0.016315054009271922,0.02637738916625479
UCD-0001040,0,0,0.0037396521491284006,0.001892984017884551,0.002816318083506476
UCD-0001040,0,2,0.011253174369817773,0.005290561860670433,0.008271868115244104
UCD-0001040,0,1,0.01008585560453067,0.002187769034565297,0.006136812319547984
UCD-0001040,2,0,0.018718492025130002,0.006860163474158161,0.012789327749644083
UCD-0001040,2,2,0.016670307059995254,0.007472874411705921,0.012071590735850587
UCD-0001040,2,1,0.01534756333544177,0.007307335993175474,0.011327449664308622
UCD-0001040,1,0,0.01261038839950471,0.005637778811798425,0.009124083605651569
UCD-0001040,1,2,0.019499209723803257,0.012804129068259234,0.016151669396031246
UCD-0001040,1,1,0.012300280218452383,0.005219399107236377,0.00875983966284438
UCD-0001613,3,0,0.01827202810269043,0.022893686649471646,0.020582857376081037
UCD-0001613,3,1,0.007020023456541276,0.006998972801836208,0.0070094981291887425
UCD-0001613,0,0,0.013569438973821872,0.015608330263245644,0.014588884618533759
UCD-0001613,0,1,0.006225552439995081,0.0038359222826149218,0.005030737361305001
UCD-0001613,2,0,0.019706650321314422,0.020681070594263898,0.02019386045778916
UCD-0001613,2,1,0.008571761491611181,0.006990520003412319,0.00778114074751175
UCD-0001613,1,0,0.019319503535547875,0.02223117818594721,0.020775340860747542
UCD-0001613,1,1,0.008873125559838217,0.008311163503365296,0.008592144531601755
UCD-0001766,3,0,0.0013820846424150842,0.0013640900210875806,0.0013730873317513324
UCD-0001766,0,0,0.001471294134040904,0.0003773370960631667,0.0009243156150520353
UCD-0001766,2,0,0.0021901428617579375,0.0007845096641374886,0.001487326262947713
UCD-0001766,1,0,0.0018836806955187708,0.0011026038579735374,0.001493142276746154
UCD-0001775,3,0,0.011889465643961029,0.012695067716046168,0.012292266680003598
UCD-0001775,0,0,0.008203799734235882,0.008066127806484344,0.008134963770360113
UCD-0001775,2,0,0.013625902426235029,0.010759639333766837,0.012192770880000932
UCD-0001775,1,0,0.0142505053406887,0.011909748436013768,0.013080126888351234
UCD-0001801,3,0,0.012919603418503295,0.009057462144620573,0.010988532781561934
UCD-0001801,0,0,0.012413088413976743,0.005001767669428029,0.008707428041702386
UCD-0001801,2,0,0.00898221625689984,0.003262424119278681,0.00612232018808926
UCD-0001801,1,0,0.00926193529672092,0.0040446674612328645,0.006653301378976892
UCD-0001804,3,0,0.011314862824580108,0.011829663026676191,0.01157226292562815
UCD-0001804,3,1,0.009891759077750945,0.009068014733147337,0.009479886905449141
UCD-0001804,0,0,0.0080163765279009,0.007450592355586622,0.007733484441743761
UCD-0001804,0,1,0.008277043292274022,0.0038496418266151054,0.006063342559444564
UCD-0001804,2,0,0.013577778783058046,0.010052939209329632,0.011815358996193839
UCD-0001804,2,1,0.011386052338979335,0.008513123445277137,0.009949587892128235
UCD-0001804,1,0,0.013039971573854878,0.011254485428764378,0.012147228501309629
UCD-0001804,1,1,0.011305777748547664,0.010023496337439592,0.010664637042993627
UCD-0001808,3,0,0.013203104327623803,0.00885456787880159,0.011028836103212696
UCD-0001808,0,0,0.0079810463324261,0.0036523931284672636,0.005816719730446682
UCD-0001808,2,0,0.01496397476093125,0.006734641325016066,0.010849308042973658
UCD-0001808,1,0,0.016368262440360437,0.00856649671117614,0.012467379575768288
UCD-0001810,3,0,0.00902134496186954,0.01036137248128029,0.009691358721574915
UCD-0001810,3,1,0.012732627185654826,0.012421457721590829,0.012577042453622827
UCD-0001810,0,0,0.006587940483923807,0.007174702702860993,0.0068813215933924005
UCD-0001810,0,1,0.01052673130018899,0.0058025346950393,0.008164632997614146
UCD-0001810,2,0,0.00935431367582333,0.008885536495718795,0.009119925085771063
UCD-0001810,2,1,0.015247258646673067,0.011077814439459903,0.013162536543066485
UCD-0001810,1,0,0.009489543331135615,0.00947817111997962,0.009483857225557618
UCD-0001810,1,1,0.01670235903307184,0.014041042507490166,0.015371700770281004
UCD-0001829,3,0,0.018030339189505834,0.02159786110513588,0.019814100147320858
UCD-0001829,3,1,0.006177176490659093,0.007101745720824231,0.006639461105741661
UCD-0001829,3,2,0.03977702020905308,0.019530669569893362,0.02965384488947322
UCD-0001829,0,0,0.012423863525014327,0.013712746960533564,0.013068305242773946
UCD-0001829,0,1,0.005806762347320971,0.00445660227545548,0.005131682311388225
UCD-0001829,0,2,0.012675993631523687,0.0033791208661505616,0.008027557248837124
UCD-0001829,2,0,0.020090345951970748,0.018293304946925475,0.019191825449448113
UCD-0001829,2,1,0.008390840239320857,0.007436317658430713,0.007913578948875784
UCD-0001829,2,2,0.029226933981712392,0.009839865742351074,0.019533399862031734
UCD-0001829,1,0,0.01993842269853116,0.019675665077367184,0.019807043887949172
UCD-0001829,1,1,0.007966759042954824,0.008489406583782607,0.008228082813368716
UCD-0001829,1,2,0.014207823024195673,0.00626190129443606,0.010234862159315867
UCD-0001835,3,0,0.0017288724561459118,0.0008520020302728634,0.0012904372432093877
UCD-0001835,3,2,0.00726751802679321,0.005961862615445554,0.006614690321119382
UCD-0001835,3,1,0.01624222104949123,0.017134273179356865,0.01668824711442405
UCD-0001835,0,0,0.001999180602846343,0.0004395340254950542,0.0012193573141706985
UCD-0001835,0,2,0.006147739163802417,0.0035587598010436137,0.004853249482423015
UCD-0001835,0,1,0.013516184600601697,0.012091731873570294,0.012803958237085996
UCD-0001835,2,0,0.0013138358628497124,0.00028058331503077896,0.0007972095889402456
UCD-0001835,2,2,0.008797961489033576,0.0062334250565208495,0.007515693272777213
UCD-0001835,2,1,0.018362691100177148,0.015137016606984197,0.016749853853580673
UCD-0001835,1,0,0.0013065678363055541,0.0003852768575338146,0.0008459223469196844
UCD-0001835,1,2,0.008922696537828474,0.0073381288569192875,0.008130412697373881
UCD-0001835,1,1,0.017895871048971498,0.016787582539733566,0.01734172679435253
UCD-0001842,3,1,0.03214958027574033,0.018531502829091964,0.02534054155241615
UCD-0001842,3,0,0.034946742725268536,0.025539783576186574,0.030243263150727555
UCD-0001842,3,3,0.026798416393858458,0.013968935529456186,0.02038367596165732
UCD-0001842,3,2,0.005018499140913558,0.005037632903640099,0.005028066022276828
UCD-0001842,3,4,0.028283064713900387,0.02269174535129242,0.025487405032596402
UCD-0001842,0,1,0.010219400022579865,0.0018823831896194756,0.0060508916060996705
UCD-0001842,0,0,0.012763604613200231,0.0054373748185639215,0.009100489715882076
UCD-0001842,0,3,0.012131054125220881,0.004602072791976043,0.008366563458598462
UCD-0001842,0,2,0.004380446793648032,0.00310688628920522,0.0037436665414266263
UCD-0001842,0,4,0.011682645315448329,0.00445533509695291,0.008068990206200619
UCD-0001842,2,1,0.02012824684523528,0.007368115532893348,0.013748181189064314
UCD-0001842,2,0,0.0280300383272549,0.008298837482508887,0.018164437904881894
UCD-0001842,2,3,0.011214373955286,0.004370379845999282,0.0077923769006426405
UCD-0001842,2,2,0.005876814911928091,0.005605043010233712,0.005740928961080902
UCD-0001842,2,4,0.022908912764774806,0.0068179045585838255,0.014863408661679315
UCD-0001842,1,1,0.016150535328206168,0.007135588739213525,0.011643062033709847
UCD-0001842,1,0,0.008578741077485425,0.0038511868367201102,0.006214963957102767
UCD-0001842,1,3,0.011723174385508269,0.004332173876047675,0.008027674130777972
UCD-0001842,1,2,0.006254700906564554,0.006657224269344541,0.006455962587954547
UCD-0001842,1,4,0.007835441657267973,0.003227536757934305,0.005531489207601139
UCD-0001844,3,0,0.003037074924689118,0.002002405471071126,0.0025197401978801224
UCD-0001844,0,0,0.002585975373705229,0.0007646105705318112,0.0016752929721185201
UCD-0001844,2,0,0.0032794646976959684,0.0011845568590202146,0.0022320107783580915
UCD-0001844,1,0,0.0025628608273218843,0.001390913599094934,0.0019768872132084093
UCD-0001915,3,2,0.00810980414699661,0.005284058429880999,0.006696931288438804
UCD-0001915,3,0,0.011183588497739667,0.012628910615614315,0.01190624955667699
UCD-0001915,3,1,0.023867686936939685,0.022616828080525044,0.023242257508732364
UCD-0001915,0,2,0.0044971929798974224,0.0014167637497746368,0.0029569783648360297
UCD-0001915,0,0,0.0054897314600798365,0.001616579663473755,0.0035531555617767958
UCD-0001915,0,1,0.012850234048326874,0.010187305427740503,0.011518769738033688
UCD-0001915,2,2,0.00689955467423828,0.0017725454548752914,0.004336050064556786
UCD-0001915,2,0,0.01548086393355699,0.008784771006607628,0.012132817470082309
UCD-0001915,2,1,0.0283018326633005,0.01843666462630884,0.02336924864480467
UCD-0001915,1,2,0.005050395409553645,0.0017278467634896755,0.0033891210865216606
UCD-0001915,1,0,0.016813910393233808,0.013229271455343153,0.01502159092428848
UCD-0001915,1,1,0.027326034153251393,0.022336298000430594,0.024831166076840994
UCD-0001921,3,0,0.0033605148917115533,0.0017895764232806882,0.0025750456574961207
UCD-0001921,0,0,0.003754197374506253,0.0004711657010592128,0.002112681537782733
UCD-0001921,2,0,0.0029969739493332396,0.0005068130112546171,0.0017518934802939284
UCD-0001921,1,0,0.002707884010600081,0.0007004210734818616,0.0017041525420409711
UCD-0017999,3,1,0.03664639687332736,0.019672881361149006,0.028159639117238185
UCD-0017999,3,0,0.00883496084664954,0.009766431833348495,0.009300696339999017
UCD-0017999,3,3,0.03764998567967051,0.02371650359210189,0.030683244635886203
UCD-0017999,3,2,0.0342911747409343,0.02052586246390928,0.027408518602421793
UCD-0017999,0,1,0.010861918612355203,0.0023621910099919643,0.006612054811173584
UCD-0017999,0,0,0.0075472539559352245,0.00535454283335832,0.006450898394646772
UCD-0017999,0,3,0.010262689741835394,0.0032746372621364965,0.006768663501985945
UCD-0017999,0,2,0.012880572802065511,0.003913026777655886,0.008396799789860698
UCD-0017999,2,1,0.028595365247355696,0.008627175425553184,0.01861127033645444
UCD-0017999,2,0,0.010297423594576178,0.009327271754867347,0.009812347674721764
UCD-0017999,2,3,0.023540353590181893,0.009521913892690234,0.016531133741436062
UCD-0017999,2,2,0.032991822734887676,0.018646351627671306,0.02581908718127949
UCD-0017999,1,1,0.012556984740080738,0.004483376094085422,0.00852018041708308
UCD-0017999,1,0,0.010401373180699294,0.009936492851747837,0.010168933016223566
UCD-0017999,1,3,0.010099698475165137,0.003156844276058427,0.006628271375611782
UCD-0017999,1,2,0.012324543504716479,0.006575602955130152,0.009450073229923316
UCD-0018131,3,0,0.004612750565203876,0.0034177438494088037,0.00401524720730634
UCD-0018131,3,1,0.006926479404824163,0.007462659485121779,0.007194569444972971
UCD-0018131,3,3,0.020746602242959693,0.02302077898713492,0.02188369061504731
UCD-0018131,3,2,0.01810636481028732,0.01091786327351438,0.01451211404190085
UCD-0018131,3,4,0.0225620051938817,0.010977620126268087,0.016769812660074893
UCD-0018131,0,0,0.0044227180867282305,0.0016355929351060416,0.0030291555109171362
UCD-0018131,0,1,0.005095143609492323,0.003612165819927028,0.004353654714709675
UCD-0018131,0,3,0.010740055882797897,0.009955119508743721,0.010347587695770809
UCD-0018131,0,2,0.011068758107225237,0.0036513603411251734,0.007360059224175205
UCD-0018131,0,4,0.012489759917529318,0.003930660544409129,0.008210210230969224
UCD-0018131,2,0,0.002637865804294456,0.0010459797592010122,0.0018419227817477342
UCD-0018131,2,1,0.008794165628069828,0.006823035992547853,0.007808600810308841
UCD-0018131,2,3,0.022543407697576238,0.0169296219403803,0.01973651481897827
UCD-0018131,2,2,0.01847404703285503,0.006463864949074977,0.012468955990965005
UCD-0018131,2,4,0.014839080653528281,0.004509561882796188,0.009674321268162235
UCD-0018131,1,0,0.0024354953788530706,0.000943014306665,0.0016892548427590354
UCD-0018131,1,1,0.008715854368157777,0.008255260145586894,0.008485557256872335
UCD-0018131,1,3,0.02247219687249079,0.018775870105729175,0.02062403348910998
UCD-0018131,1,2,0.015627817294818908,0.007116993135895245,0.011372405215357076
UCD-0018131,1,4,0.015064209831824769,0.004443046107703278,0.009753627969764023
UCD-0018179,3,0,0.004335734473598598,0.004454901664473694,0.004395318069036145
UCD-0018179,0,0,0.0039683739090902535,0.0009415368585289994,0.0024549553838096264
UCD-0018179,2,0,0.006233776093952165,0.0020125878520425387,0.004123181972997352
UCD-0018179,1,0,0.0056161492506258525,0.003245213919270721,0.0044306815849482865
UCD-0018207,3,0,0.004879622878724695,0.005665438929620946,0.005272530904172821
UCD-0018207,3,2,0.007057938050612907,0.0037524315825365933,0.00540518481657475
UCD-0018207,3,1,0.016826104036412104,0.01869968813701408,0.017762896086713092
UCD-0018207,0,0,0.00501717045551007,0.0036547061766876244,0.004335938316098848
UCD-0018207,0,2,0.011598698487899848,0.004587537629474764,0.008093118058687307
UCD-0018207,0,1,0.010073456015048015,0.010405254590263707,0.01023935530265586
UCD-0018207,2,0,0.007461036959974885,0.006700919550242026,0.007080978255108455
UCD-0018207,2,2,0.028337960961693904,0.011727645719039701,0.020032803340366803
UCD-0018207,2,1,0.019590699061634062,0.015029007412367998,0.01730985323700103
UCD-0018207,1,0,0.008007513463445151,0.00815886409197951,0.00808318877771233
UCD-0018207,1,2,0.018251169757753177,0.012702887648547786,0.015477028703150483
UCD-0018207,1,1,0.02019141471340318,0.016612348071121306,0.018401881392262245
UCD-0159256,3,0,0.009748987188507295,0.009119631640448171,0.009434309414477733
UCD-0159256,3,1,0.008153614286022652,0.008272701568877073,0.008213157927449862
UCD-0159256,3,2,0.03570950420754081,0.015415625179884263,0.025562564693712535
UCD-0159256,0,0,0.00594930028198622,0.0054699351156910206,0.005709617698838621
UCD-0159256,0,1,0.006140855503875146,0.003939519985509961,0.005040187744692554
UCD-0159256,0,2,0.010155237316608435,0.0023306049892570877,0.006242921152932761
UCD-0159256,2,0,0.010159574097673409,0.007326863228942155,0.00874321866330778
UCD-0159256,2,1,0.009452529091409239,0.007900047777390177,0.008676288434399708
UCD-0159256,2,2,0.018099369068898582,0.008964976904537571,0.013532172986718077
UCD-0159256,1,0,0.010775304699304536,0.008233812141261752,0.009504558420283145
UCD-0159256,1,1,0.011020414513609064,0.010025033661991232,0.010522724087800148
UCD-0159256,1,2,0.012706477482449203,0.004625310571282917,0.00866589402686606
UCD-0159257,3,4,0.009421208326767573,0.01090757654269403,0.010164392434730801
UCD-0159257,3,1,0.022271465082940062,0.01661736133499754,0.0194444132089688
UCD-0159257,3,3,0.011879828796971522,0.01087807308250871,0.011378950939740116
UCD-0159257,3,0,0.012779495734675857,0.014448093996949836,0.013613794865812847
UCD-0159257,3,2,0.011672626473001267,0.012170513715743951,0.01192157009437261
UCD-0159257,0,4,0.01009403301194184,0.0037968696540001895,0.006945451332971015
UCD-0159257,0,1,0.0016982553038239786,0.0009170915884460264,0.0013076734461350025
UCD-0159257,0,3,0.009766008076421334,0.005077805033581019,0.007421906555001177
UCD-0159257,0,0,0.008139663720803464,0.008359863321032938,0.008249763520918201
UCD-0159257,0,2,0.009630811722881497,0.0067749409698469485,0.008202876346364223
UCD-0159257,2,4,0.02859694707154324,0.012720451107053832,0.020658699089298536
UCD-0159257,2,1,0.01326205246334056,0.0046331467121898595,0.00894759958776521
UCD-0159257,2,3,0.008518014305339897,0.003356737421833687,0.005937375863586792
UCD-0159257,2,0,0.012652367142718517,0.010956512667714146,0.011804439905216332
UCD-0159257,2,2,0.013943437933313933,0.011669494298334398,0.012806466115824165
UCD-0159257,1,4,0.013649328245724485,0.0077230485073355665,0.010686188376530025
UCD-0159257,1,1,0.008051063203205738,0.0038491545182350864,0.0059501088607204124
UCD-0159257,1,3,0.002701221772682532,0.002386246615302487,0.0025437341939925093
UCD-0159257,1,0,0.012502039355901584,0.011965993034205312,0.012234016195053448
UCD-0159257,1,2,0.014292961767055317,0.013167865176819737,0.013730413471937528
UCD-0159258,3,3,0.026288742171088997,0.010490378316183508,0.018389560243636253
UCD-0159258,3,0,0.01647551029833722,0.018841271509110552,0.017658390903723883
UCD-0159258,3,1,0.011429410642368767,0.01031571038819017,0.010872560515279468
UCD-0159258,3,2,0.013590786420553232,0.00875889696888199,0.011174841694717611
UCD-0159258,0,3,0.01485520738189788,0.0038695307010069204,0.0093623690414524
UCD-0159258,0,0,0.012352639841070757,0.012642770146322532,0.012497704993696644
UCD-0159258,0,1,0.008726861111105908,0.004125537710529357,0.006426199410817632
UCD-0159258,0,2,0.01262538414224426,0.005077037177989102,0.008851210660116682
UCD-0159258,2,3,0.01892958621884088,0.0037907859512392793,0.01136018608504008
UCD-0159258,2,0,0.017971767794096878,0.015932312580106894,0.016952040187101884
UCD-0159258,2,1,0.013408151095260341,0.008775858546934167,0.011092004821097255
UCD-0159258,2,2,0.011465563939792676,0.004638192100031723,0.008051878019912199
UCD-0159258,1,3,0.015894048240520306,0.005523016908574964,0.010708532574547635
UCD-0159258,1,0,0.017181680167015625,0.017168761986259128,0.017175221076637374
UCD-0159258,1,1,0.013253539407037298,0.011105769919828519,0.012179654663432907
UCD-0159258,1,2,0.011596407456896248,0.005680857785000493,0.00863863262094837
UCD-0159259,3,0,0.009256099038319145,0.005826643378465186,0.007541371208392165
UCD-0159259,3,1,0.005633444639910783,0.0067655686576825035,0.006199506648796644
UCD-0159259,3,2,0.004758581092881794,0.002178972721976511,0.0034687769074291525
UCD-0159259,0,0,0.012893354955251644,0.00512009414040067,0.009006724547826157
UCD-0159259,0,1,0.004999742196108209,0.003819782434152672,0.00440976231513044
UCD-0159259,0,2,0.0050273213766353205,0.0009290492398936288,0.0029781853082644747
UCD-0159259,2,0,0.0218518028087396,0.010364250801527489,0.016108026805133544
UCD-0159259,2,1,0.007186131778587309,0.006744948606969513,0.0069655401927784105
UCD-0159259,2,2,0.0027189596229608044,0.0005150664600497971,0.0016170130415053008
UCD-0159259,1,0,0.01723923368029061,0.011611030695229903,0.014425132187760257
UCD-0159259,1,1,0.007336049781857529,0.007887302346801245,0.007611676064329387
UCD-0159259,1,2,0.003099985570093256,0.0008512778990749174,0.0019756317345840865
UCD-0159261,3,0,0.006642680582694167,0.007358341320002419,0.007000510951348293
UCD-0159261,0,0,0.0048605705229951696,0.0013415246033969823,0.0031010475631960757
UCD-0159261,2,0,0.009022041877095249,0.0027583817039967154,0.005890211790545982
UCD-0159261,1,0,0.007415661119266184,0.00437099652747005,0.0058933288233681165
UCD-0159262,3,0,0.010908867999655552,0.010366800077769689,0.01063783403871262
UCD-0159262,0,0,0.006293966211406123,0.0021617349257178715,0.004227850568561998
UCD-0159262,2,0,0.014848784312042906,0.004474638125434641,0.009661711218738774
UCD-0159262,1,0,0.013649575650572947,0.007084790931837266,0.010367183291205107
UCD-0159263,3,3,0.006867757025000797,0.006176233028702809,0.006521995026851803
UCD-0159263,3,1,0.011074157010723541,0.011224051059008642,0.011149104034866093
UCD-0159263,3,0,0.01442867133371357,0.008696287194239118,0.011562479263976345
UCD-0159263,3,2,0.01724128685586561,0.01732420855511829,0.01728274770549195
UCD-0159263,0,3,0.007509937352849073,0.0037160457870861596,0.005612991569967616
UCD-0159263,0,1,0.008330715704086186,0.005630921841242159,0.006980818772664172
UCD-0159263,0,0,0.008340808373511012,0.0023299199993514646,0.005335364186431238
UCD-0159263,0,2,0.011830915660375267,0.011070017134454012,0.011450466397414639
UCD-0159263,2,3,0.005932757980124521,0.002715870201777636,0.004324314090951078
UCD-0159263,2,1,0.011921461746112787,0.01090648076964042,0.011413971257876604
UCD-0159263,2,0,0.003702521297409842,0.00191377759642689,0.002808149446918366
UCD-0159263,2,2,0.01692191816543073,0.014495136711149896,0.015708527438290314
UCD-0159263,1,3,0.0028076674904104915,0.0018058718402106373,0.0023067696653105646
UCD-0159263,1,1,0.013191773111408789,0.012408894690779576,0.012800333901094182
UCD-0159263,1,0,0.005710610537425454,0.002201055404198932,0.003955832970812193
UCD-0159263,1,2,0.01823779335866336,0.01565383553300714,0.01694581444583525
UCD-0159265,3,0,0.009030029038275836,0.008721441841498905,0.00887573543988737
UCD-0159265,3,3,0.007597133900747283,0.005694660452128061,0.006645897176437672
UCD-0159265,3,2,0.024268795810268973,0.013151407106687342,0.018710101458478158
UCD-0159265,3,1,0.03911974356591611,0.021905331798311337,0.030512537682113726
UCD-0159265,0,0,0.005769697462969138,0.00497866328755682,0.005374180375262979
UCD-0159265,0,3,0.005829192704021187,0.0030653054673234177,0.004447249085672303
UCD-0159265,0,2,0.01319584952317385,0.003993143168891159,0.008594496346032505
UCD-0159265,0,1,0.011275258476629177,0.0026829622333241947,0.006979110354976685
UCD-0159265,2,0,0.009429093584541082,0.006167556684401954,0.007798325134471517
UCD-0159265,2,3,0.004830342860584221,0.0019632903532576873,0.003396816606920954
UCD-0159265,2,2,0.010390111216280707,0.0037364037313898993,0.007063257473835303
UCD-0159265,2,1,0.041767105007192676,0.011379413633974813,0.026573259320583745
UCD-0159265,1,0,0.00904175393205086,0.007152142349144812,0.008096948140597835
UCD-0159265,1,3,0.0020947524585261017,0.0009267410191689273,0.0015107467388475145
UCD-0159265,1,2,0.013768663577064851,0.0032539416597593337,0.008511302618412092
UCD-0159265,1,1,0.013442602006015355,0.004757574722036462,0.00910008836402591
UCD-0159269,3,0,0.001278821883301692,0.0011641123164539179,0.001221467099877805
UCD-0159269,3,1,0.03946663087418276,0.019035187964534024,0.029250909419358394
UCD-0159269,0,0,0.001011650761845841,0.00043115231846880804,0.0007214015401573245
UCD-0159269,0,1,0.010705106211142457,0.002553737569140779,0.006629421890141618
UCD-0159269,2,0,0.0012989410008436221,0.000744765423925092,0.0010218532123843571
UCD-0159269,2,1,0.01562925190689865,0.006433853563003953,0.011031552734951301
UCD-0159269,1,0,0.001177901310497405,0.0008476695637321556,0.0010127854371147803
UCD-0159269,1,1,0.010889658014508467,0.004305790897945196,0.007597724456226832
UCD-0159270,3,0,0.00810974507338584,0.008377839149329694,0.008243792111357767
UCD-0159270,3,1,0.011221651211120082,0.010776176338723286,0.010998913774921685
UCD-0159270,0,0,0.00639899503608933,0.0040362167515807495,0.005217605893835039
UCD-0159270,0,1,0.011213165586553216,0.0064198103705628016,0.008816487978558009
UCD-0159270,2,0,0.010196447767135575,0.007773453195468704,0.008984950481302139
UCD-0159270,2,1,0.006996444329102055,0.004664010151238485,0.005830227240170269
UCD-0159270,1,0,0.009483424198530589,0.009445126752210051,0.00946427547537032
UCD-0159270,1,1,0.006075167548824641,0.0030018600652205215,0.004538513807022582
UCD-0159271,3,0,0.00817099923363011,0.00420358760604975,0.00618729341983993
UCD-0159271,0,0,0.008479365417005521,0.0013124896565151476,0.0048959275367603345
UCD-0159271,2,0,0.005781342496162881,0.000844102739755821,0.003312722617959351
UCD-0159271,1,0,0.005945265778633106,0.0014840896645178258,0.0037146777215754656
UCD-0159273,3,0,0.007574969191468521,0.00787443527375066,0.00772470223260959
UCD-0159273,0,0,0.007510404140080277,0.003910791839373789,0.0057105979897270325
UCD-0159273,2,0,0.009216781336490657,0.007474102063239323,0.008345441699864991
UCD-0159273,1,0,0.00876290799623684,0.00817506637583391,0.008468987186035375
UCD-0159274,3,0,0.012740806544263506,0.01208480957702087,0.012412808060642188
UCD-0159274,3,2,0.01503898441488035,0.015594967540419403,0.015316975977649878
UCD-0159274,3,1,0.007349230305122628,0.004331276743567438,0.005840253524345033
UCD-0159274,0,0,0.006250503579056802,0.0023384414418872825,0.004294472510472042
UCD-0159274,0,2,0.010580223296518846,0.006057441609320524,0.008318832452919684
UCD-0159274,0,1,0.004761334026244238,0.0018631063674530083,0.0033122201968486236
UCD-0159274,2,0,0.012520180372436095,0.005237594646612326,0.00887888750952421
UCD-0159274,2,2,0.01931686526379784,0.014412683638923833,0.016864774451360837
UCD-0159274,2,1,0.008583922226268652,0.0033131882612704514,0.005948555243769552
UCD-0159274,1,0,0.014847673406330041,0.008572148265860483,0.011709910836095263
UCD-0159274,1,2,0.018672718469763136,0.01589092843834572,0.017281823454054428
UCD-0159274,1,1,0.009073655674007405,0.0039518382039497625,0.006512746938978584
UCD-0159275,3,0,0.022569552116190397,0.02612892483877303,0.024349238477481716
UCD-0159275,3,1,0.04097051919120682,0.018866780328905673,0.029918649760056246
UCD-0159275,3,2,0.006281540101576906,0.007383388941866556,0.006832464521721732
UCD-0159275,0,0,0.01194965137677199,0.01300070666437603,0.01247517902057401
UCD-0159275,0,1,0.012768184037092307,0.003170875364113179,0.007969529700602742
UCD-0159275,0,2,0.005920846114936651,0.004007502070040717,0.004964174092488683
UCD-0159275,2,0,0.022901976594577107,0.020738975743952656,0.02182047616926488
UCD-0159275,2,1,0.02526311704424438,0.007314599458120214,0.016288858251182297
UCD-0159275,2,2,0.007597107444324476,0.007230254554793,0.0074136809995587385
UCD-0159275,1,0,0.022977938372100572,0.022167946721074226,0.0225729425465874
UCD-0159275,1,1,0.012150692606489823,0.004818813059578778,0.0084847528330343
UCD-0159275,1,2,0.007666100551139954,0.008546689687859703,0.008106395119499829
UCD-0159279,3,0,0.005324533728231435,0.0071679918000342735,0.006246262764132854
UCD-0159279,0,0,0.005805170614701779,0.0023193420087705176,0.004062256311736148
UCD-0159279,2,0,0.009081236346301428,0.005213114709684589,0.007147175527993009
UCD-0159279,1,0,0.01292446997939485,0.009362195017446489,0.011143332498420668
UCD-0159280,3,0,0.009842968855821397,0.008858476567708686,0.009350722711765042
UCD-0159280,3,2,0.035755522002354115,0.04068279607358458,0.03821915903796935
UCD-0159280,3,1,0.04037913166886039,0.015915809680009916,0.028147470674435154
UCD-0159280,0,0,0.009114077157876094,0.004714683129617284,0.006914380143746689
UCD-0159280,0,2,0.013285951066431005,0.013698579732670592,0.013492265399550799
UCD-0159280,0,1,0.01345302649183257,0.003724160749318607,0.008588593620575588
UCD-0159280,2,0,0.013755012886989762,0.00895387877920064,0.011354445833095202
UCD-0159280,2,2,0.038635958426645974,0.03166331813991225,0.03514963828327911
UCD-0159280,2,1,0.019031527771837115,0.005891338408342305,0.01246143309008971
UCD-0159280,1,0,0.013610922091476074,0.01072973335955707,0.012170327725516572
UCD-0159280,1,2,0.02850639870910895,0.026294009640294734,0.02740020417470184
UCD-0159280,1,1,0.01683736451354391,0.008441956430842982,0.012639660472193445
UCD-0159283,3,0,0.008112097048453431,0.008949104854881764,0.008530600951667598
UCD-0159283,3,1,0.016666373361075355,0.015613013298861458,0.016139693329968407
UCD-0159283,3,2,0.02701608212322186,0.032083589072745604,0.029549835597983732
UCD-0159283,0,0,0.002495795836979838,0.0005365694727194815,0.0015161826548496598
UCD-0159283,0,1,0.006651763991238951,0.005300275056253871,0.005976019523746411
UCD-0159283,0,2,0.0071074054311886905,0.004109114945810361,0.005608260188499525
UCD-0159283,2,0,0.01055323816401342,0.0046511190436336275,0.0076021786038235235
UCD-0159283,2,1,0.019787491012174925,0.01635197234179853,0.01806973167698673
UCD-0159283,2,2,0.04492081904399337,0.031199155930849553,0.03805998748742146
UCD-0159283,1,0,0.011358892800760356,0.00798197555517761,0.009670434177968982
UCD-0159283,1,1,0.024204896028016145,0.022673606327689035,0.023439251177852588
UCD-0159283,1,2,0.019002949314963248,0.012733328265498797,0.015868138790231023
UCD-0159284,3,1,0.012172966781477385,0.014883040033129397,0.013528003407303391
UCD-0159284,3,0,0.024336455372065226,0.020455616578595,0.022396035975330113
UCD-0159284,3,3,0.02353403490939635,0.027770421599205664,0.025652228254301006
UCD-0159284,3,2,0.00808988857868204,0.009461509718984027,0.008775699148833034
UCD-0159284,3,4,0.007672125772277591,0.009344997611544278,0.008508561691910934
UCD-0159284,0,1,0.008727838831687061,0.009512565915230146,0.009120202373458603
UCD-0159284,0,0,0.009139399094575167,0.0021455635435309,0.0056424813190530335
UCD-0159284,0,3,0.010098630156560907,0.004475305899942245,0.007286968028251576
UCD-0159284,0,2,0.006461341251759411,0.0041417594178493645,0.005301550334804388
UCD-0159284,0,4,0.005998318338675414,0.005037275531796873,0.005517796935236144
UCD-0159284,2,1,0.013949068672274608,0.012444443678598595,0.013196756175436601
UCD-0159284,2,0,0.030666258378759307,0.010447943124488674,0.02055710075162399
UCD-0159284,2,3,0.048145224857520194,0.02273564041420266,0.03544043263586143
UCD-0159284,2,2,0.011028270548670201,0.0073025137394557614,0.009165392144062982
UCD-0159284,2,4,0.009571074541775285,0.009223089544063708,0.009397082042919495
UCD-0159284,1,1,0.013887356432003214,0.013565960236628137,0.013726658334315675
UCD-0159284,1,0,0.021782686332152287,0.011039608301416412,0.01641114731678435
UCD-0159284,1,3,0.01922025169718038,0.014126942932695796,0.016673597314938088
UCD-0159284,1,2,0.011274095652036785,0.0103865231478672,0.010830309399951991
UCD-0159284,1,4,0.009874724113436378,0.010856633591102675,0.010365678852269525
UCD-0159285,3,0,0.03424231862123568,0.019545935809519348,0.026894127215377515
UCD-0159285,3,2,0.017661979985503586,0.018690262334961006,0.018176121160232296
UCD-0159285,3,1,0.006193678691759258,0.00799560966539312,0.007094644178576189
UCD-0159285,0,0,0.01035142639447316,0.002469542645722151,0.006410484520097655
UCD-0159285,0,2,0.010554851807877793,0.00988375649099091,0.010219304149434352
UCD-0159285,0,1,0.0053243299030791055,0.004595922386646493,0.004960126144862799
UCD-0159285,2,0,0.029773253109695655,0.008551374753529642,0.01916231393161265
UCD-0159285,2,2,0.019032686828439623,0.014179962730765203,0.016606324779602413
UCD-0159285,2,1,0.008931963086920874,0.007847240735902374,0.008389601911411623
UCD-0159285,1,0,0.013313744940741602,0.005145769183949596,0.009229757062345599
UCD-0159285,1,2,0.019804163872313086,0.016103476246477375,0.01795382005939523
UCD-0159285,1,1,0.00914990226348779,0.009354532981339864,0.009252217622413827
UCD-0159286,3,0,0.032643474022668054,0.010859451336917882,0.021751462679792968
UCD-0159286,0,0,0.014195074262174368,0.01488520361944053,0.014540138940807449
UCD-0159286,2,0,0.04399831368064093,0.03733067636345788,0.040664495022049406
UCD-0159286,1,0,0.029753318639516288,0.0338909682934479,0.03182214346648209
UCD-0159289,3,0,0.008520723329591444,0.00891411345391898,0.008717418391755213
UCD-0159289,0,0,0.007260684151727552,0.005159410915242444,0.006210047533484998
UCD-0159289,2,0,0.010627316277384518,0.009351530416506243,0.00998942334694538
UCD-0159289,1,0,0.010909710235582966,0.010986568707448512,0.010948139471515739
UCD-0159293,3,0,0.007088169196677872,0.0038628768948338553,0.005475523045755864
UCD-0159293,3,1,0.005926447058471,0.006802664920582497,0.006364555989526749
UCD-0159293,0,0,0.007010270401883525,0.001118755204232755,0.00406451280305814
UCD-0159293,0,1,0.005654115519048416,0.00381505771220687,0.004734586615627643
UCD-0159293,2,0,0.005379054005398792,0.0010775852001749914,0.003228319602786892
UCD-0159293,2,1,0.008108373472399101,0.0067339704757884665,0.007421171974093784
UCD-0159293,1,0,0.005339354925085062,0.0016221442845779815,0.0034807496048315217
UCD-0159293,1,1,0.007934847348109189,0.007650127791198603,0.007792487569653896
